[
    {
        "name": "Aurelia Dewi Mashinta",
        "phone": "085645068975",
        "email": "aureldewi40@gmail.com",
        "image": "https://cdn-icons-png.flaticon.com/512/4553/4553197.png"
    },
    {
        "name": "afrida Dewi Mashinta",
        "phone": "0857391171731",
        "email": "afridadeww@gmail.com",
        "image": "https://cdn-icons-png.flaticon.com/512/4553/4553331.png"
    },
    {
        "name": "Olifia Yuniar",
        "phone": "085647786548",
        "email": "olip678@gmail.com",
        "image": "https://cdn-icons-png.flaticon.com/512/1391/1391333.png"
    },
    {
        "name": "virza Arga ",
        "phone": "087645090876",
        "email": "arga980@gmail.com",
        "image": "https://cdn-icons-png.flaticon.com/512/5821/5821228.png"
    }
]